workload,variant,structure,n,time_ms,steps,moves,comparisons
W1,-,DynamicArray,100,0.351,10000,0,0
W1,-,MyLinkedList,100,0.749,255745,0,0
W2,-,DynamicArray,100,0.280,74630,0,74630
W2,-,MyLinkedList,100,0.254,74630,0,74630
W3,head,DynamicArray,100,6.094,1201120,1201120,0
W3,head,MyLinkedList,100,0.100,1000,5000,0
W3,middle,DynamicArray,100,0.217,601620,601620,0
W3,middle,MyLinkedList,100,1.251,600500,6000,0
W4,-,MinHeap,100,0.133,3552,1414,1069
W1,-,DynamicArray,1000,0.248,10000,0,0
W1,-,MyLinkedList,1000,4.229,2497236,0,0
W2,-,DynamicArray,1000,0.391,728061,0,728061
W2,-,MyLinkedList,1000,1.735,728061,0,728061
W3,head,DynamicArray,1000,0.278,3001280,3001280,0
W3,head,MyLinkedList,1000,0.100,1000,5000,0
W3,middle,DynamicArray,1000,0.256,1501780,1501780,0
W3,middle,MyLinkedList,1000,2.864,1500500,6000,0
W4,-,MinHeap,1000,0.250,55274,20630,17322
W1,-,DynamicArray,10000,0.228,10000,0,0
W1,-,MyLinkedList,10000,63.232,25125556,0,0
W2,-,DynamicArray,10000,3.619,7453836,0,7453836
W2,-,MyLinkedList,10000,17.417,7453836,0,7453836
W3,head,DynamicArray,10000,1.087,21010240,21010240,0
W3,head,MyLinkedList,10000,0.030,1000,5000,0
W3,middle,DynamicArray,10000,0.621,10510740,10510740,0
W3,middle,MyLinkedList,10000,20.780,10500500,6000,0
W4,-,MinHeap,10000,1.488,747778,269210,239284
W1,-,DynamicArray,100000,0.201,10000,0,0
W1,-,MyLinkedList,100000,841.507,248896755,0,0
W2,-,DynamicArray,100000,24.456,74681441,0,74681441
W2,-,MyLinkedList,100000,329.831,74681441,0,74681441
W3,head,DynamicArray,100000,21.500,201000000,201000000,0
W3,head,MyLinkedList,100000,0.018,1000,5000,0
W3,middle,DynamicArray,100000,9.855,100500500,100500500,0
W3,middle,MyLinkedList,100000,332.433,100500500,6000,0
W4,-,MinHeap,100000,20.621,9539950,3421384,3059283
